Rk,Player,Pos,Age,Tm,G,GS,MP▼,FG,FGA,FG%,3P,3PA,3P%,2P,2PA,2P%,eFG%,FT,FTA,FT%,ORB,DRB,TRB,AST,STL,BLK,TOV,PF,PTS
1,James Harden\hardeja01,SG,31,TOT,26,26,37.8,7.8,16.2,.483,3.1,7.9,.388,4.7,8.2,.575,.579,6.2,7.0,.880,0.7,6.6,7.3,11.1,1.1,0.7,4.1,2.2,24.9
2,Julius Randle\randlju01,PF,26,NYK,31,31,36.8,8.1,16.8,.481,1.8,4.5,.410,6.3,12.4,.507,.535,5.2,6.5,.805,1.4,9.6,11.0,5.5,0.7,0.2,3.3,3.2,23.2
3,Fred VanVleet\vanvlfr01,SG,26,TOR,31,31,36.6,6.8,16.6,.408,3.3,8.7,.376,3.5,7.9,.443,.507,3.3,3.6,.894,0.7,3.6,4.4,6.6,1.7,0.7,2.1,2.4,20.1
4,Jerami Grant\grantje01,SF,26,DET,30,30,36.4,7.8,17.8,.437,2.5,6.7,.376,5.3,11.1,.474,.508,5.4,6.1,.885,0.8,4.3,5.1,3.0,0.8,1.2,1.8,2.8,23.5
5,Domantas Sabonis\sabondo01,PF,24,IND,29,29,36.4,8.2,15.5,.528,1.0,2.8,.358,7.2,12.7,.565,.560,4.1,5.8,.710,2.8,8.8,11.6,5.7,1.0,0.7,3.4,3.6,21.5
6,Malcolm Brogdon\brogdma01,PG,28,IND,29,29,36.0,8.1,18.4,.442,2.7,6.7,.395,5.5,11.7,.469,.514,2.7,2.9,.906,0.8,4.1,4.8,6.6,1.3,0.3,2.1,1.9,21.6
7,Pascal Siakam\siakapa01,PF,26,TOR,28,28,36.0,7.6,16.6,.455,1.2,4.0,.301,6.4,12.6,.504,.491,4.2,5.1,.813,2.1,5.6,7.7,4.7,1.1,0.7,2.2,3.0,20.5
8,Nikola Jokić\jokicni01,C,25,DEN,30,30,35.9,10.1,18.0,.564,1.5,3.8,.404,8.6,14.2,.607,.607,4.8,5.5,.872,2.9,8.2,11.1,8.5,1.7,0.6,3.4,3.1,26.6
9,Damian Lillard\lillada01,PG,30,POR,29,29,35.8,9.2,20.7,.447,4.1,10.9,.380,5.1,9.8,.523,.548,7.2,7.7,.933,0.5,3.8,4.3,7.9,1.0,0.2,3.2,1.6,29.8
10,Bradley Beal\bealbr01,SG,27,WAS,26,26,35.6,11.6,24.2,.479,2.5,7.3,.335,9.1,16.8,.542,.530,7.3,8.2,.888,1.4,3.9,5.3,4.7,1.4,0.5,3.3,2.6,32.9
11,Zach LaVine\lavinza01,SG,25,CHI,30,30,35.6,10.2,19.7,.518,3.5,8.1,.434,6.7,11.6,.576,.607,4.7,5.4,.864,0.8,4.7,5.4,5.1,1.1,0.4,3.8,2.7,28.6
12,Collin Sexton\sextoco01,SG,22,CLE,26,26,35.6,8.5,17.5,.485,1.5,3.8,.394,7.0,13.7,.510,.527,4.4,5.5,.799,0.7,1.8,2.5,4.2,1.0,0.2,2.6,2.9,22.9
13,Jayson Tatum\tatumja01,SF,22,BOS,25,25,35.5,9.4,21.0,.448,2.8,7.1,.390,6.6,13.9,.478,.514,4.5,5.2,.868,0.6,6.5,7.1,4.6,1.3,0.5,2.5,2.0,26.0
14,Luka Dončić\doncilu01,PG,21,DAL,28,28,35.3,10.0,21.0,.474,2.4,7.3,.333,7.5,13.8,.548,.531,6.4,8.3,.773,0.9,7.7,8.6,9.3,1.0,0.7,4.2,2.1,28.8
15,Harrison Barnes\barneha02,PF,28,SAC,27,27,35.1,5.3,11.0,.480,1.7,4.3,.388,3.6,6.7,.539,.556,3.6,4.3,.843,1.1,5.1,6.2,3.4,0.8,0.2,1.4,1.1,15.8
16,Gordon Hayward\haywago01,SF,30,CHO,28,28,35.0,8.0,16.4,.489,2.2,5.1,.424,5.8,11.2,.519,.556,3.7,4.3,.867,0.9,4.5,5.4,3.7,1.2,0.4,2.0,1.8,21.9
17,Brandon Ingram\ingrabr01,SF,23,NOP,30,30,35.0,8.3,17.8,.469,2.5,6.4,.394,5.8,11.3,.512,.540,4.7,5.4,.882,0.6,4.7,5.3,4.7,0.7,0.9,2.4,1.8,23.9
18,LeBron James\jamesle01,PG,36,LAL,32,32,35.0,9.7,19.3,.501,2.4,6.8,.355,7.3,12.5,.580,.563,4.1,5.8,.704,0.6,7.7,8.2,8.1,1.0,0.5,3.9,1.6,25.8
19,Jamal Murray\murraja01,PG,23,DEN,28,28,35.0,7.8,16.4,.477,2.5,6.5,.383,5.3,9.9,.540,.553,2.8,3.4,.811,0.7,3.6,4.4,4.4,1.2,0.3,2.2,2.3,20.9
20,Kawhi Leonard\leonaka01,SF,29,LAC,25,25,34.8,9.7,19.2,.506,2.0,5.0,.389,7.8,14.2,.548,.557,5.5,6.2,.885,0.9,5.2,6.1,4.9,1.7,0.6,1.8,1.6,26.9
21,Trae Young\youngtr01,PG,22,ATL,28,28,34.8,7.8,17.6,.439,2.4,6.2,.379,5.4,11.4,.472,.506,9.1,10.3,.885,0.7,3.2,3.9,9.5,0.9,0.3,4.3,2.0,26.9
22,Tobias Harris\harrito02,PF,28,PHI,28,28,34.6,7.9,15.5,.513,1.7,4.3,.403,6.2,11.2,.554,.568,3.0,3.4,.894,1.3,6.4,7.8,3.4,0.8,0.8,2.0,2.2,20.6
23,Devin Booker\bookede01,SG,24,PHO,26,26,34.5,9.0,18.0,.501,2.2,5.7,.381,6.8,12.3,.556,.561,4.5,5.3,.848,0.2,3.5,3.8,4.3,0.8,0.3,3.5,3.1,24.7
24,Buddy Hield\hieldbu01,SG,28,SAC,30,30,34.4,5.3,14.2,.373,3.7,10.3,.361,1.6,3.9,.405,.505,1.5,1.8,.868,0.3,4.2,4.6,3.0,0.9,0.3,1.9,2.7,15.9
25,Kyle Lowry\lowryky01,PG,34,TOR,25,25,34.4,6.0,13.2,.452,2.8,7.1,.388,3.2,6.1,.526,.556,3.0,3.5,.874,0.8,4.6,5.4,6.4,1.2,0.2,2.9,3.2,17.7
26,Stephen Curry\curryst01,PG,32,GSW,30,30,34.1,10.0,20.6,.486,5.0,11.9,.423,5.0,8.7,.573,.608,4.8,5.2,.935,0.5,4.9,5.4,6.2,1.2,0.1,3.1,1.9,29.9
27,Shai Gilgeous-Alexander\gilgesh01,SG,22,OKC,25,25,34.0,7.8,15.5,.506,1.9,4.7,.407,5.9,10.8,.550,.568,5.2,6.6,.783,0.6,4.5,5.2,6.5,0.8,0.6,2.9,2.2,22.8
28,Bam Adebayo\adebaba01,C,23,MIA,29,29,33.9,7.3,12.9,.570,0.1,0.2,.333,7.3,12.7,.573,.572,4.9,5.8,.844,2.0,7.4,9.5,5.5,0.9,1.0,3.0,2.5,19.6
29,Russell Westbrook\westbru01,PG,32,WAS,21,21,33.9,7.7,18.2,.424,1.1,3.8,.288,6.6,14.4,.460,.454,3.4,5.5,.612,1.8,8.0,9.7,9.7,0.8,0.3,4.9,3.0,19.9
30,Giannis Antetokounmpo\antetgi01,PF,26,MIL,30,30,33.8,10.2,18.5,.551,1.1,3.9,.280,9.1,14.6,.625,.581,6.9,10.5,.654,1.8,10.1,11.9,5.9,1.3,1.3,3.8,3.2,28.4
31,Nikola Vučević\vucevni01,C,30,ORL,31,31,33.8,9.6,20.0,.481,2.5,6.3,.405,7.1,13.7,.517,.545,2.3,2.7,.835,1.9,9.8,11.7,3.6,1.1,0.6,1.6,1.7,24.1
32,RJ Barrett\barrerj01,SG,20,NYK,31,31,33.7,6.4,14.7,.431,1.0,3.3,.311,5.3,11.4,.466,.466,2.9,3.9,.736,1.3,4.8,6.1,3.0,0.7,0.2,1.9,2.5,16.6
33,Jaylen Brown\brownja02,SG,24,BOS,28,28,33.7,9.6,19.4,.497,2.5,6.1,.409,7.1,13.3,.538,.562,3.8,4.9,.766,1.1,4.4,5.5,3.9,1.1,0.5,2.9,2.9,25.5
34,Donovan Mitchell\mitchdo01,SG,24,UTA,29,29,33.6,8.4,19.6,.430,3.4,8.7,.389,5.0,10.9,.462,.516,4.3,5.2,.833,1.0,3.4,4.4,5.2,0.9,0.3,3.0,2.3,24.5
35,Ben Simmons\simmobe01,PG,24,PHI,26,26,33.6,6.0,10.4,.572,0.0,0.2,.167,5.9,10.2,.581,.574,3.8,5.6,.671,1.7,6.6,8.3,7.9,1.7,0.8,3.3,3.2,15.7
36,Terry Rozier\roziete01,SG,26,CHO,28,28,33.5,7.5,15.2,.495,3.5,7.7,.451,4.1,7.5,.540,.609,2.3,2.8,.810,0.5,3.4,3.9,3.0,1.3,0.4,1.8,2.0,20.8
37,DeMar DeRozan\derozde01,PF,31,SAS,25,25,33.4,6.6,13.4,.488,0.6,1.9,.333,5.9,11.5,.514,.512,6.0,6.8,.893,0.8,4.2,5.0,6.9,0.8,0.3,1.6,1.8,19.8
38,Duncan Robinson\robindu01,SF,26,MIA,31,31,33.4,4.2,9.9,.425,3.3,8.5,.392,0.9,1.5,.622,.593,1.3,1.5,.833,0.1,4.0,4.0,1.5,0.5,0.2,1.4,2.5,13.1
39,De'Aaron Fox\foxde01,PG,23,SAC,29,29,33.3,8.1,17.4,.466,1.8,5.2,.336,6.4,12.2,.523,.517,4.3,6.3,.679,0.7,2.6,3.2,7.1,1.3,0.4,3.2,2.8,22.3
40,Tyler Herro\herroty01,SG,21,MIA,22,14,33.3,6.5,14.4,.451,2.0,6.0,.344,4.5,8.5,.527,.522,1.8,2.4,.755,0.4,5.7,6.1,3.8,0.5,0.5,2.5,1.6,16.9
41,Isaac Okoro\okorois01,SG,20,CLE,26,26,33.3,2.9,7.4,.391,0.9,3.1,.284,2.0,4.3,.468,.451,1.2,1.8,.667,0.9,1.6,2.5,1.8,1.2,0.4,1.5,2.9,7.9
42,Khris Middleton\middlkh01,SF,29,MIL,31,31,33.2,7.5,14.9,.505,2.3,5.4,.431,5.2,9.5,.547,.583,3.0,3.4,.895,0.8,5.2,6.0,5.7,1.1,0.2,2.7,2.8,20.5
43,Coby White\whiteco01,PG,20,CHI,30,30,33.2,5.7,13.8,.412,2.5,6.8,.365,3.2,7.0,.457,.501,1.8,2.1,.871,0.4,4.5,4.9,5.2,0.4,0.2,2.2,2.5,15.6
44,Malik Beasley\beaslma01,SG,24,MIN,31,30,33.0,7.5,16.6,.449,3.4,8.5,.398,4.1,8.1,.504,.552,1.9,2.3,.843,0.9,4.0,4.8,2.5,0.8,0.2,1.6,1.6,20.2
45,Anthony Davis\davisan02,PF,27,LAL,23,23,32.8,8.9,16.7,.533,0.7,2.5,.293,8.1,14.1,.575,.555,4.0,5.7,.715,2.0,6.3,8.4,3.0,1.3,1.8,2.0,1.8,22.5
46,Joel Embiid\embiijo01,C,26,PHI,25,25,32.8,9.6,17.9,.536,1.2,2.9,.397,8.4,15.0,.563,.568,10.0,11.7,.853,2.1,9.2,11.3,3.1,1.3,1.4,3.3,2.4,30.3
47,Devonte' Graham\grahade01,PG,25,CHO,25,25,32.8,4.4,12.4,.352,2.8,8.1,.347,1.6,4.3,.361,.465,2.2,2.8,.775,0.6,2.4,3.0,5.7,1.0,0.0,1.4,1.5,13.7
48,Zion Williamson\willizi01,PF,20,NOP,29,29,32.8,9.6,15.6,.616,0.2,0.6,.353,9.4,15.0,.626,.623,5.6,7.9,.712,2.4,4.4,6.8,3.1,1.0,0.7,2.4,2.5,25.1
49,Darius Garland\garlada01,PG,21,CLE,23,20,32.7,6.4,14.3,.451,1.7,4.3,.398,4.7,10.0,.474,.511,1.4,1.6,.892,0.5,1.7,2.2,5.4,1.1,0.1,2.5,2.4,16.0
50,Royce O'Neale\onealro01,SF,27,UTA,31,31,32.6,2.6,5.8,.450,1.7,4.1,.421,0.9,1.7,.519,.597,0.7,0.8,.846,1.2,5.7,6.9,2.4,0.7,0.6,1.2,3.0,7.6
51,Mikal Bridges\bridgmi01,SF,24,PHO,30,30,32.5,5.0,9.7,.515,2.0,4.7,.415,3.0,5.0,.611,.617,1.9,2.3,.841,1.3,3.8,5.1,2.2,0.6,1.0,0.7,1.7,13.9
52,Jrue Holiday\holidjr01,PG,30,MIL,23,23,32.5,6.5,13.0,.502,1.9,4.8,.387,4.7,8.2,.569,.574,1.5,1.9,.791,1.3,3.5,4.8,5.4,1.9,0.6,1.6,1.7,16.4
53,Andrew Wiggins\wiggian01,PF,25,GSW,31,31,32.3,6.8,14.4,.470,1.9,5.2,.369,4.9,9.3,.526,.536,2.2,3.3,.670,1.1,3.7,4.7,2.2,0.7,1.2,1.9,2.4,17.7
54,Justin Holiday\holidju01,SG,31,IND,29,20,32.2,4.0,8.5,.466,2.4,5.8,.419,1.6,2.8,.563,.607,1.2,1.5,.791,0.7,3.5,4.2,1.7,1.2,0.3,0.7,2.3,11.5
55,Chris Paul\paulch01,PG,35,PHO,29,29,31.8,6.3,13.0,.485,1.6,3.9,.395,4.8,9.1,.525,.545,2.4,2.4,.972,0.5,4.0,4.5,8.5,1.2,0.3,2.3,2.6,16.6
56,Deandre Ayton\aytonde01,C,22,PHO,30,30,31.7,6.1,10.2,.593,0.1,0.5,.250,5.9,9.7,.612,.599,1.7,2.3,.725,3.5,8.4,11.9,1.8,0.3,1.1,2.0,3.2,13.9
57,Kevin Huerter\huertke01,SG,22,ATL,30,19,31.7,4.5,10.5,.425,2.1,5.7,.376,2.3,4.8,.483,.527,0.6,0.8,.792,0.7,2.9,3.6,3.7,1.1,0.2,1.3,2.4,11.7
58,John Collins\collijo01,PF,23,ATL,30,30,31.5,6.9,13.0,.531,1.3,3.4,.379,5.6,9.6,.585,.581,2.5,3.0,.854,2.2,5.4,7.5,1.6,0.5,1.0,1.4,3.3,17.6
59,Lonzo Ball\balllo01,PG,23,NOP,27,27,31.4,5.2,12.1,.427,3.0,7.7,.391,2.2,4.5,.488,.550,1.0,1.3,.743,0.6,3.7,4.3,5.0,1.3,0.5,2.1,2.5,14.3
60,Robert Covington\covinro01,PF,30,POR,28,28,31.3,2.7,7.2,.373,1.7,5.0,.340,1.0,2.1,.450,.493,0.6,0.7,.850,0.9,5.4,6.3,1.8,1.6,1.1,1.1,2.6,7.7
61,Myles Turner\turnemy01,C,24,IND,27,27,31.2,4.7,9.4,.498,1.4,4.4,.325,3.2,4.9,.654,.575,2.4,3.1,.776,1.3,5.3,6.6,1.0,1.1,3.5,1.4,3.6,13.2
62,Joe Harris\harrijo01,SF,29,BRK,32,28,31.1,5.5,10.5,.528,3.3,6.7,.502,2.2,3.8,.574,.688,0.6,0.8,.704,0.6,2.9,3.5,1.8,0.6,0.2,0.8,2.3,15.0
63,Dennis Schröder\schrode01,SG,27,LAL,29,29,31.1,5.1,11.5,.441,1.0,3.1,.311,4.1,8.4,.490,.483,3.1,3.8,.820,0.6,3.0,3.6,4.3,0.9,0.2,2.2,2.7,14.2
64,Darius Bazley\bazleda01,PF,20,OKC,31,31,30.8,4.4,11.2,.393,1.5,5.1,.299,2.9,6.1,.471,.461,1.5,1.9,.767,0.5,6.7,7.2,1.7,0.5,0.6,1.7,1.0,11.8
65,Bojan Bogdanović\bogdabo02,SF,31,UTA,31,31,30.7,5.1,11.9,.427,2.5,6.5,.390,2.6,5.5,.471,.532,2.6,3.1,.844,0.5,3.4,3.9,2.1,0.4,0.1,1.6,1.6,15.3
66,Gary Trent Jr.\trentga02,SG,22,POR,28,15,30.7,5.5,12.8,.426,3.3,7.5,.431,2.2,5.3,.419,.553,1.0,1.4,.744,0.6,1.6,2.1,1.4,0.7,0.2,0.7,1.5,15.2
67,Tim Hardaway Jr.\hardati02,SG,28,DAL,28,17,30.5,6.0,13.4,.447,3.2,7.9,.405,2.8,5.4,.507,.567,2.0,2.5,.786,0.2,3.0,3.2,1.5,0.6,0.1,0.9,1.6,17.1
68,Dejounte Murray\murrade01,PG,24,SAS,27,27,30.4,6.2,13.9,.447,1.0,3.3,.315,5.1,10.6,.488,.484,1.7,2.1,.810,0.6,6.6,7.2,5.0,1.6,0.1,1.7,2.1,15.1
69,Rudy Gobert\goberru01,C,28,UTA,31,31,30.3,5.3,8.3,.640,0.0,0.0,.000,5.3,8.3,.642,.640,3.3,5.5,.591,3.5,9.9,13.5,1.3,0.4,2.8,1.7,2.3,13.9
70,Keldon Johnson\johnske04,SF,21,SAS,27,27,30.1,5.3,11.4,.468,1.0,3.0,.325,4.4,8.4,.518,.510,2.9,3.7,.778,1.7,5.2,7.0,2.3,0.8,0.5,1.5,2.3,14.5
71,Rui Hachimura\hachiru01,PF,22,WAS,21,21,30.0,4.8,10.3,.463,0.8,2.6,.296,4.0,7.7,.519,.500,3.2,4.0,.788,1.1,4.4,5.5,1.8,0.8,0.1,1.0,2.3,13.5
72,Nicolas Batum\batumni01,SF,32,LAC,29,29,29.9,3.1,6.6,.476,2.0,4.5,.446,1.1,2.1,.541,.628,0.9,1.1,.813,1.0,3.9,4.9,2.2,1.3,0.4,0.7,1.6,9.2
73,Kelly Oubre Jr.\oubreke01,SF,25,GSW,31,31,29.9,5.5,13.1,.420,1.8,5.5,.324,3.7,7.6,.489,.488,2.2,3.1,.726,1.5,4.5,5.9,1.4,1.2,0.8,1.3,2.3,15.0
74,Will Barton\bartowi01,SF,30,DEN,27,23,29.8,4.4,10.0,.437,1.6,4.0,.411,2.7,6.0,.454,.519,1.2,1.7,.733,0.4,3.2,3.6,3.2,0.8,0.4,1.6,1.7,11.6
75,Luguentz Dort\dortlu01,SG,21,OKC,30,30,29.8,4.3,10.9,.398,1.9,5.9,.318,2.5,5.0,.490,.483,2.0,2.6,.747,0.7,2.8,3.5,1.5,0.9,0.3,1.5,2.5,12.5
76,Tyrese Haliburton\halibty01,PG,20,SAC,28,2,29.7,4.9,9.9,.498,2.3,5.3,.442,2.6,4.6,.562,.616,0.6,0.7,.842,1.0,2.5,3.5,5.3,1.3,0.6,1.5,1.3,12.8
77,P.J. Tucker\tuckepj01,PF,35,HOU,27,27,29.7,1.6,4.3,.365,0.9,2.8,.320,0.7,1.5,.450,.470,0.5,0.6,.824,1.0,3.6,4.5,1.3,0.9,0.5,1.0,3.0,4.5
78,Seth Curry\curryse01,SG,30,PHI,24,24,29.6,4.5,9.5,.476,2.0,4.5,.454,2.5,5.0,.496,.584,1.9,2.0,.938,0.2,1.8,2.0,2.7,0.8,0.3,1.5,1.8,12.9
79,Kendrick Nunn\nunnke01,PG,25,MIA,23,11,29.5,5.7,11.8,.478,2.2,5.7,.379,3.5,6.1,.571,.570,1.1,1.3,.897,0.4,2.9,3.3,2.6,1.2,0.3,1.9,1.9,14.6
80,Clint Capela\capelca01,C,26,ATL,27,27,29.4,6.6,11.0,.598,0.0,0.0,,6.6,11.0,.598,.598,1.8,3.2,.563,4.6,9.3,13.9,1.0,0.8,2.2,1.4,2.3,14.9
81,Eric Gordon\gordoer01,SG,32,HOU,23,11,29.3,6.2,13.7,.452,2.7,7.9,.337,3.5,5.8,.609,.549,3.5,4.1,.842,0.3,2.0,2.3,2.8,0.5,0.5,1.9,1.5,18.5
82,Richaun Holmes\holmeri01,C,27,SAC,26,26,29.3,5.4,8.3,.650,0.0,0.2,.200,5.4,8.2,.660,.652,1.8,2.3,.783,2.5,5.3,7.8,1.8,0.7,1.6,1.5,4.1,12.7
83,Dillon Brooks\brookdi01,SF,25,MEM,24,24,29.2,6.1,15.4,.397,1.9,6.0,.319,4.2,9.4,.447,.459,1.7,2.1,.800,1.0,2.2,3.3,2.6,1.3,0.4,2.3,3.3,15.8
84,Mike Conley\conlemi01,PG,33,UTA,25,25,29.2,5.6,12.5,.447,2.8,6.8,.412,2.8,5.7,.490,.559,2.4,2.9,.822,0.9,2.5,3.4,5.6,1.4,0.1,1.9,1.8,16.4
85,Draymond Green\greendr01,PF,30,GSW,26,26,29.2,2.0,5.5,.359,0.4,1.9,.224,1.5,3.6,.430,.398,0.9,1.3,.676,0.7,5.0,5.7,8.1,1.3,0.7,2.6,3.1,5.2
86,Delon Wright\wrighde01,SG,28,DET,29,24,29.2,3.8,8.1,.468,1.0,2.5,.384,2.8,5.6,.506,.528,2.1,2.7,.785,1.1,3.5,4.6,4.9,1.4,0.5,1.2,1.1,10.7
87,Terrence Ross\rosste01,SG,29,ORL,30,1,29.0,5.7,13.5,.420,2.1,5.8,.358,3.6,7.7,.466,.496,2.3,2.5,.895,0.3,3.0,3.3,2.1,1.0,0.5,1.8,2.0,15.7
88,P.J. Washington\washipj01,PF,22,CHO,26,26,29.0,4.2,9.5,.435,1.2,3.4,.360,2.9,6.1,.478,.500,2.0,2.7,.754,1.5,4.8,6.3,3.0,1.0,1.2,2.2,2.7,11.5
89,Andre Drummond\drumman01,C,27,CLE,25,25,28.9,7.2,15.2,.474,0.0,0.3,.000,7.2,14.9,.484,.474,3.1,5.2,.597,4.0,9.4,13.5,2.6,1.6,1.2,3.2,2.8,17.5
90,Cam Reddish\reddica01,SF,21,ATL,26,21,28.8,3.7,10.1,.365,1.3,4.8,.262,2.4,5.3,.460,.428,2.6,3.2,.817,0.8,3.2,4.0,1.3,1.3,0.3,1.3,2.6,11.2
91,Mitchell Robinson\robinmi01,C,22,NYK,27,27,28.8,3.8,5.8,.660,0.0,0.0,,3.8,5.8,.660,.660,0.8,1.7,.478,3.6,4.8,8.4,0.5,1.2,1.5,0.8,2.9,8.4
92,Eric Bledsoe\bledser01,SG,31,NOP,29,28,28.6,4.6,10.3,.441,2.1,5.2,.395,2.5,5.1,.490,.542,1.3,2.0,.644,0.4,2.9,3.4,3.6,0.7,0.3,1.7,1.4,12.5
93,Norman Powell\powelno01,SG,27,TOR,29,18,28.6,5.7,12.1,.471,2.4,5.5,.438,3.3,6.6,.500,.571,3.2,3.7,.887,0.4,2.6,3.0,1.5,1.1,0.1,1.6,2.0,17.0
94,Anthony Edwards\edwaran01,SG,19,MIN,31,14,28.5,5.3,14.1,.375,1.8,5.8,.313,3.5,8.3,.419,.439,1.9,2.4,.795,0.6,3.1,3.6,2.5,0.7,0.4,1.6,1.5,14.3
95,Danny Green\greenda02,SF,33,PHI,31,31,28.5,3.1,7.7,.403,2.3,5.9,.385,0.8,1.8,.464,.550,0.4,0.5,.647,0.9,2.6,3.5,1.8,1.2,0.7,1.4,1.8,8.8
96,Josh Hart\hartjo01,SF,25,NOP,30,2,28.4,3.2,6.9,.457,1.5,4.1,.358,1.7,2.8,.600,.563,1.3,1.8,.722,1.0,6.6,7.6,2.1,0.8,0.3,0.8,2.2,9.1
97,Patrick Williams\willipa01,PF,19,CHI,29,29,28.3,3.8,8.1,.466,0.9,2.3,.394,2.9,5.8,.494,.521,1.7,2.1,.803,0.9,4.0,4.8,1.2,0.8,0.7,1.6,2.3,10.1
98,LaMelo Ball\ballla01,PG,19,CHO,30,10,28.2,5.4,12.6,.431,1.8,5.2,.346,3.6,7.4,.491,.503,1.9,2.4,.806,1.5,4.6,6.1,6.1,1.6,0.4,2.8,2.6,14.6
99,Steven Adams\adamsst01,C,27,NOP,27,27,28.1,3.5,5.8,.603,0.0,0.0,.000,3.5,5.7,.606,.603,1.1,2.3,.468,4.3,4.6,8.9,2.1,1.0,0.6,1.7,1.9,8.0
100,Mason Plumlee\plumlma01,C,30,DET,28,28,28.1,4.2,7.0,.602,0.0,0.2,.000,4.2,6.8,.618,.602,1.8,2.5,.700,3.0,6.0,9.0,3.5,1.0,0.7,2.1,3.6,10.2
101,Kyle Anderson\anderky01,PF,27,MEM,26,26,27.9,5.0,10.4,.478,1.7,4.1,.402,3.3,6.3,.528,.557,2.1,2.7,.771,0.8,5.3,6.2,3.6,1.1,0.7,1.5,1.9,13.7
102,Elfrid Payton\paytoel01,PG,26,NYK,31,31,27.8,5.1,11.6,.442,0.5,1.8,.250,4.7,9.8,.477,.461,1.5,2.0,.730,1.2,2.5,3.7,3.7,0.6,0.2,1.9,2.0,12.2
103,Garrett Temple\templga01,SG,34,CHI,29,8,27.8,3.3,7.6,.439,1.5,4.2,.364,1.8,3.4,.530,.538,0.9,1.1,.806,0.6,2.7,3.2,2.0,1.0,0.6,1.0,2.3,9.1
104,Jonas Valančiūnas\valanjo01,C,28,MEM,22,21,27.6,6.4,11.5,.557,0.4,1.1,.333,6.0,10.4,.581,.573,2.8,3.7,.756,3.5,7.7,11.2,1.9,0.6,0.7,2.2,3.2,16.0
105,Brandon Clarke\clarkbr01,PF,24,MEM,22,15,27.5,5.4,10.8,.502,0.6,1.8,.325,4.8,9.0,.538,.530,1.4,2.1,.674,1.6,4.0,5.5,1.7,1.1,0.7,0.6,1.7,12.8
106,Jae Crowder\crowdja01,PF,30,PHO,27,16,27.4,3.4,8.8,.391,2.4,6.8,.361,1.0,2.0,.491,.529,1.0,1.2,.848,0.4,4.6,5.0,2.2,0.9,0.2,0.7,2.1,10.4
107,Jae'Sean Tate\tateja01,SF,25,HOU,29,19,27.4,4.0,7.4,.544,0.7,2.1,.339,3.3,5.3,.627,.593,1.1,1.6,.717,1.8,3.4,5.2,1.8,1.0,0.6,1.2,2.9,9.9
108,Jarrett Allen\allenja01,C,22,TOT,30,12,27.0,4.7,7.0,.671,0.0,0.1,.250,4.7,6.9,.680,.674,3.6,4.9,.735,3.2,6.1,9.3,1.7,0.5,1.7,1.6,1.6,13.0
109,Derrick Jones Jr.\jonesde02,SF,23,POR,26,25,27.0,2.9,6.0,.487,0.7,2.6,.284,2.2,3.4,.640,.548,1.2,2.0,.585,1.9,3.0,4.9,0.8,0.8,1.0,0.7,2.5,7.8
110,Reggie Bullock\bullore01,SF,29,NYK,26,26,26.9,3.1,7.6,.409,1.7,4.7,.372,1.4,3.0,.468,.523,0.6,0.7,.842,0.3,3.2,3.4,1.3,0.7,0.2,0.7,2.4,8.6
111,Brook Lopez\lopezbr01,C,32,MIL,31,31,26.8,3.8,8.3,.461,1.5,4.4,.356,2.3,3.9,.579,.555,1.4,1.6,.824,1.5,3.7,5.1,0.6,0.5,1.4,0.8,2.0,10.5
112,Cole Anthony\anthoco01,PG,20,ORL,25,17,26.7,4.0,10.8,.375,1.1,3.3,.325,3.0,7.4,.398,.426,1.8,2.2,.836,0.8,3.6,4.4,3.8,0.7,0.4,2.0,2.0,11.0
113,Joe Ingles\inglejo01,SF,33,UTA,27,8,26.7,4.1,7.9,.519,2.5,5.4,.463,1.6,2.4,.646,.679,1.2,1.3,.889,0.4,3.0,3.4,4.6,0.4,0.2,1.6,1.7,11.9
114,Miles Bridges\bridgmi02,PF,22,CHO,30,2,26.6,3.7,7.8,.470,1.3,3.5,.371,2.4,4.3,.550,.553,1.1,1.2,.943,1.3,4.3,5.6,1.9,0.7,0.8,1.8,2.3,9.7
115,Cedi Osman\osmande01,SF,25,CLE,31,15,26.6,4.1,10.8,.376,2.0,6.2,.330,2.0,4.6,.438,.470,1.1,1.5,.778,0.7,2.8,3.5,2.7,0.9,0.1,1.0,2.1,11.3
116,Lonnie Walker\walkelo01,SG,22,SAS,25,22,26.6,4.0,10.0,.406,1.6,4.4,.355,2.5,5.6,.446,.484,1.1,1.4,.800,0.2,2.7,2.9,1.7,0.5,0.4,1.0,2.1,10.8
117,Donte DiVincenzo\divindo01,SG,24,MIL,31,31,26.5,3.8,9.1,.420,1.9,4.9,.388,1.9,4.2,.458,.525,0.5,0.7,.609,1.2,3.4,4.5,2.8,1.1,0.2,1.2,1.5,10.0
118,Jeff Green\greenje02,PF,34,BRK,32,15,26.5,3.4,6.8,.500,1.5,3.6,.422,1.8,3.1,.590,.613,1.2,1.4,.822,0.5,3.2,3.6,1.4,0.7,0.3,0.8,1.9,9.4
119,Monte Morris\morrimo01,PG,25,DEN,29,3,26.3,4.2,8.6,.484,1.2,3.2,.372,3.0,5.4,.551,.554,1.2,1.7,.714,0.2,2.0,2.2,3.4,0.6,0.2,0.6,0.9,10.8
120,Dāvis Bertāns\bertada01,PF,28,WAS,25,3,26.2,3.2,8.8,.368,2.9,7.8,.369,0.4,1.0,.360,.532,1.8,2.2,.833,0.4,2.8,3.2,1.0,0.7,0.3,0.6,2.4,11.2
121,Jordan Clarkson\clarkjo01,SG,28,UTA,31,0,26.2,6.8,14.8,.457,3.2,8.5,.380,3.5,6.4,.558,.565,1.5,1.6,.959,0.9,3.1,3.9,2.1,1.0,0.2,1.8,1.4,18.3
122,Doug McDermott\mcderdo01,PF,29,IND,28,8,26.2,5.1,10.1,.511,1.5,4.3,.355,3.6,5.8,.627,.587,1.3,1.6,.795,1.0,3.1,4.1,1.4,0.3,0.1,1.1,1.8,13.1
123,Kentavious Caldwell-Pope\caldwke01,SG,27,LAL,28,28,26.1,3.2,7.0,.454,1.7,3.9,.427,1.5,3.1,.488,.574,1.0,1.1,.875,0.4,1.8,2.3,1.4,0.8,0.3,1.1,1.6,9.0
124,Kelly Olynyk\olynyke01,C,29,MIA,30,25,26.0,3.7,8.6,.432,2.0,6.0,.330,1.8,2.7,.663,.546,0.7,0.9,.769,1.0,4.7,5.7,2.0,0.7,0.6,1.4,2.6,10.1
125,Kyle Kuzma\kuzmaky01,SF,25,LAL,32,10,25.9,4.5,10.2,.445,1.8,5.0,.363,2.7,5.2,.524,.534,0.6,1.0,.613,1.9,4.3,6.2,1.1,0.3,0.7,1.4,1.6,11.5
126,Enes Kanter\kanteen01,C,28,POR,30,18,25.5,4.9,8.4,.581,0.0,0.0,,4.9,8.4,.581,.581,1.7,2.3,.743,4.2,7.1,11.3,1.1,0.6,0.7,1.1,2.6,11.5
127,Marvin Bagley III\baglema01,PF,21,SAC,28,28,25.4,5.4,11.1,.481,1.1,2.8,.390,4.3,8.4,.511,.529,1.6,3.0,.548,2.3,5.2,7.5,1.0,0.5,0.5,1.4,2.4,13.4
128,Patty Mills\millspa02,PG,32,SAS,27,0,25.4,4.7,10.5,.449,2.6,6.5,.400,2.1,4.0,.528,.572,1.2,1.3,.943,0.3,1.6,1.9,2.7,0.7,0.0,1.0,1.4,13.2
129,Carmelo Anthony\anthoca01,PF,36,POR,29,3,25.2,4.5,11.6,.391,1.7,4.4,.375,2.9,7.1,.401,.463,2.3,2.8,.838,0.6,2.8,3.4,1.3,0.9,0.7,1.0,2.2,13.0
130,Ricky Rubio\rubiori01,PG,30,MIN,29,14,25.2,2.6,6.9,.382,0.7,2.3,.299,1.9,4.6,.424,.432,1.6,2.0,.797,0.4,2.9,3.2,6.4,1.2,0.0,2.1,2.2,7.6
131,Thaddeus Young\youngth01,PF,32,CHI,26,0,25.2,5.4,8.9,.606,0.2,0.8,.238,5.2,8.1,.643,.617,0.8,1.5,.500,2.4,3.5,5.9,4.3,1.2,0.5,2.0,2.8,11.7
132,Marcus Morris\morrima03,PF,31,LAC,23,2,25.0,4.5,10.0,.454,2.5,5.0,.500,2.0,5.0,.409,.579,1.5,1.7,.897,0.8,3.1,3.9,0.9,0.5,0.3,0.9,1.9,13.0
133,Daniel Theis\theisda01,C,28,BOS,28,23,24.8,3.8,6.6,.571,0.9,2.2,.387,2.9,4.4,.664,.636,1.0,1.5,.683,1.3,4.0,5.3,1.5,0.6,1.1,1.1,3.0,9.4
134,Cameron Johnson\johnsca02,PF,24,PHO,30,9,24.6,3.7,8.5,.438,2.2,5.8,.374,1.6,2.7,.573,.564,1.0,1.1,.853,0.6,2.9,3.6,1.4,0.7,0.3,0.7,1.4,10.6
135,Shake Milton\miltosh01,SG,24,PHI,23,1,24.5,4.8,10.9,.444,1.1,3.4,.316,3.7,7.4,.503,.494,3.0,3.5,.875,0.6,1.3,1.9,3.0,0.7,0.2,1.5,2.2,13.8
136,Josh Jackson\jacksjo02,SG,23,DET,28,6,24.4,4.6,11.0,.423,1.4,4.5,.302,3.3,6.5,.508,.485,2.4,3.4,.688,0.9,3.4,4.3,1.9,0.9,0.9,2.4,2.9,13.0
137,Théo Maledon\maledth01,PG,19,OKC,26,11,24.4,2.8,6.9,.411,1.5,4.0,.385,1.3,2.9,.447,.522,0.7,1.0,.720,0.2,2.5,2.8,2.9,0.9,0.1,1.9,2.3,7.9
138,Grayson Allen\allengr01,SG,25,MEM,21,10,24.3,3.0,7.3,.409,2.1,5.1,.407,0.9,2.2,.413,.552,1.6,1.8,.895,0.3,2.6,3.0,2.1,1.1,0.1,1.0,1.4,9.7
139,Dwayne Bacon\bacondw01,SG,25,ORL,31,20,24.3,3.9,9.2,.420,1.0,2.8,.368,2.8,6.4,.442,.476,1.5,1.8,.807,0.4,2.6,3.0,1.0,0.7,0.1,0.7,1.6,10.3
140,Montrezl Harrell\harremo01,C,27,LAL,32,0,24.3,5.5,8.7,.639,0.0,0.2,.000,5.5,8.5,.651,.639,2.7,3.6,.754,2.3,4.2,6.4,1.1,0.7,0.7,1.2,2.2,13.8
141,Jalen Brunson\brunsja01,PG,24,DAL,25,6,24.2,4.4,8.4,.521,1.1,2.9,.384,3.3,5.5,.594,.588,2.0,2.3,.879,0.2,3.1,3.3,3.6,0.4,0.0,1.2,1.5,12.0
142,Hamidou Diallo\diallha01,SG,22,OKC,31,5,24.2,4.5,9.4,.485,0.4,1.3,.282,4.2,8.1,.516,.503,2.7,4.3,.629,1.2,4.1,5.3,2.5,1.0,0.4,1.5,2.7,12.1
143,Serge Ibaka\ibakase01,C,31,LAC,31,31,24.0,4.7,9.3,.509,1.0,2.7,.357,3.7,6.5,.571,.561,1.2,1.4,.818,1.8,4.9,6.8,1.8,0.2,1.2,1.3,1.8,11.5
144,T.J. McConnell\mccontj01,PG,28,IND,26,1,24.0,2.7,5.3,.504,0.2,0.6,.375,2.5,4.7,.520,.525,0.2,0.5,.333,0.7,2.7,3.3,6.6,1.7,0.4,1.7,1.6,5.8
145,Paul Millsap\millspa01,PF,35,DEN,26,26,23.9,3.8,7.3,.524,1.2,3.0,.410,2.6,4.3,.604,.608,1.6,2.3,.695,1.6,3.6,5.2,1.7,0.8,0.5,1.0,2.1,10.4
146,David Nwaba\nwabada01,SF,28,HOU,25,9,23.5,3.6,7.4,.489,0.6,2.2,.268,3.0,5.1,.586,.530,1.5,2.2,.673,1.3,2.6,3.9,1.1,1.1,0.7,0.6,2.1,9.3
147,Chris Boucher\bouchch01,C,28,TOR,31,1,23.3,4.7,8.9,.529,1.6,3.6,.451,3.1,5.3,.583,.621,2.3,3.0,.755,1.9,4.6,6.6,1.1,0.5,2.0,0.7,2.7,13.4
148,Desmond Bane\banede01,SG,22,MEM,23,3,23.0,3.7,7.8,.472,1.9,4.2,.458,1.8,3.7,.488,.594,0.7,0.9,.850,0.4,2.3,2.7,1.5,0.7,0.1,1.1,1.7,10.0
149,Tristan Thompson\thomptr01,PF,29,BOS,28,23,23.0,3.1,5.8,.534,0.0,0.1,.000,3.1,5.8,.540,.534,1.4,2.2,.613,2.9,5.4,8.2,0.9,0.4,0.4,0.9,2.2,7.6
150,Tyus Jones\jonesty01,PG,24,MEM,27,8,22.9,3.3,7.9,.421,0.7,2.7,.247,2.7,5.2,.511,.463,0.6,0.7,.842,0.6,2.0,2.6,5.0,1.3,0.1,0.9,0.5,7.9
151,Wayne Ellington\ellinwa01,SG,33,DET,23,20,22.8,3.5,7.9,.445,2.6,6.1,.421,1.0,1.8,.524,.607,0.7,0.9,.714,0.3,1.5,1.8,1.4,0.4,0.2,0.6,1.6,10.3
152,Deni Avdija\avdijde01,SF,20,WAS,24,16,22.4,2.5,5.8,.435,1.2,3.3,.367,1.3,2.5,.525,.540,0.5,0.8,.579,0.5,4.5,5.0,1.5,0.8,0.2,0.8,2.7,6.7
153,Lou Williams\willilo02,PG,34,LAC,30,3,22.4,4.4,10.5,.421,1.1,2.8,.376,3.4,7.7,.437,.472,2.4,2.8,.857,0.4,2.0,2.4,3.8,0.8,0.1,1.5,1.0,12.3
154,Jakob Poeltl\poeltja01,C,25,SAS,27,9,22.2,3.0,4.9,.611,0.0,0.0,,3.0,4.9,.611,.611,0.4,1.4,.316,3.0,4.0,7.0,1.7,0.6,1.5,1.1,2.1,6.4
155,Bismack Biyombo\biyombi01,C,28,CHO,28,16,22.1,2.5,4.4,.574,0.0,0.0,.000,2.5,4.3,.579,.574,0.8,1.7,.447,2.1,3.5,5.5,1.4,0.3,1.1,0.9,2.5,5.8
156,Rudy Gay\gayru01,PF,34,SAS,26,0,22.0,4.2,9.9,.419,1.6,4.3,.366,2.6,5.6,.459,.498,1.3,1.7,.767,0.9,4.3,5.2,1.5,0.7,0.5,1.2,1.8,11.2
157,DeAndre Jordan\jordade01,C,32,BRK,30,22,22.0,3.3,4.1,.797,0.0,0.0,,3.3,4.1,.797,.797,0.8,1.6,.521,1.7,5.4,7.2,1.8,0.4,1.4,1.6,2.2,7.4
158,Luke Kennard\kennalu01,SG,24,LAC,29,7,22.0,3.0,6.5,.463,1.6,3.6,.442,1.4,2.9,.488,.585,0.4,0.5,.867,0.3,2.6,2.9,1.8,0.3,0.2,0.9,1.6,8.0
159,Taurean Prince\princta02,PF,26,TOT,27,10,21.9,2.8,7.2,.392,1.4,3.5,.400,1.4,3.7,.384,.490,1.7,2.0,.849,0.4,3.2,3.6,1.7,0.7,0.7,1.1,1.9,8.7
160,Sterling Brown\brownst02,SG,25,HOU,27,1,21.6,2.9,6.3,.462,1.6,3.8,.431,1.3,2.5,.507,.592,0.4,0.4,.909,0.7,3.1,3.9,1.8,0.9,0.3,0.7,2.0,7.8
161,Bobby Portis\portibo01,C,25,MIL,31,1,21.6,4.7,8.7,.544,1.1,2.1,.500,3.7,6.6,.559,.606,0.6,0.9,.655,2.0,5.3,7.3,1.1,0.8,0.4,0.8,1.9,11.2
162,James Ennis\ennisja01,SF,30,ORL,22,21,21.5,2.5,5.0,.486,0.9,2.0,.442,1.6,3.1,.515,.572,1.3,1.6,.800,1.1,2.8,3.9,1.4,0.9,0.3,0.9,2.2,7.0
163,Andre Iguodala\iguodan01,SF,37,MIA,29,2,21.5,1.6,4.2,.377,1.0,3.2,.323,0.6,1.0,.552,.500,0.2,0.4,.455,0.5,3.1,3.6,2.3,1.1,0.5,1.1,1.5,4.4
164,Khem Birch\birchkh01,C,28,ORL,31,1,21.2,2.3,4.6,.507,0.1,0.4,.250,2.2,4.2,.531,.518,1.5,2.1,.738,2.6,3.0,5.7,1.1,0.6,0.8,0.6,1.6,6.3
165,Wesley Matthews\matthwe02,SG,34,LAL,25,4,21.2,1.6,4.3,.383,1.2,3.4,.353,0.4,0.9,.500,.523,0.5,0.6,.800,0.4,1.2,1.6,1.2,0.5,0.4,0.4,1.5,5.0
166,Naz Reid\reidna01,C,21,MIN,29,13,21.2,4.7,9.0,.519,1.0,2.7,.377,3.7,6.4,.578,.574,1.8,2.4,.739,1.3,3.7,4.9,1.3,0.6,1.2,1.1,3.1,12.1
167,Saddiq Bey\beysa01,SF,21,DET,28,11,21.1,3.0,7.3,.412,2.0,5.0,.407,1.0,2.3,.422,.551,1.4,1.7,.833,0.4,3.4,3.8,1.0,0.5,0.0,0.8,1.5,9.5
168,Payton Pritchard\pritcpa01,SG,23,BOS,24,1,21.1,2.8,6.2,.456,1.3,3.5,.381,1.5,2.7,.554,.564,0.5,0.5,.923,0.5,1.8,2.3,2.3,0.6,0.2,1.3,1.9,7.5
169,Gary Clark\clarkga01,SF,26,ORL,26,11,21.0,1.2,3.9,.294,0.9,3.3,.264,0.3,0.6,.467,.407,0.2,0.3,.857,1.1,2.5,3.6,0.9,0.4,0.2,0.6,1.1,3.4
170,Xavier Tillman Sr.\tillmxa01,PF,22,MEM,22,7,21.0,3.4,6.3,.532,0.4,1.5,.281,3.0,4.9,.607,.565,0.7,0.9,.789,1.6,3.2,4.9,1.5,1.0,0.6,0.9,2.3,7.8
171,Isaiah Roby\robyis01,PF,22,OKC,25,10,20.6,3.3,6.1,.546,0.6,1.6,.375,2.7,4.5,.607,.595,1.3,1.8,.717,1.6,3.6,5.2,1.6,0.6,0.6,1.0,2.6,8.6
172,JaMychal Green\greenja01,PF,30,DEN,25,4,20.5,3.2,7.2,.444,1.6,3.8,.427,1.6,3.4,.464,.558,1.1,1.3,.844,1.6,4.4,6.0,1.0,0.6,0.3,1.0,2.7,9.1
173,Marc Gasol\gasolma01,C,36,LAL,32,32,20.3,1.4,3.6,.397,0.8,2.3,.361,0.6,1.4,.455,.509,0.8,1.0,.806,0.8,3.5,4.2,2.0,0.5,1.3,0.9,2.4,4.5
174,Cory Joseph\josepco01,PG,29,SAC,30,2,20.3,2.5,5.5,.461,0.7,2.0,.339,1.9,3.5,.528,.521,0.8,1.1,.758,0.5,1.8,2.3,2.4,0.8,0.2,1.0,2.2,6.6
175,DeMarcus Cousins\couside01,C,30,HOU,25,11,20.2,3.2,8.4,.376,1.6,4.6,.336,1.6,3.8,.426,.469,1.8,2.4,.746,1.2,6.4,7.6,2.4,0.8,0.7,1.6,3.0,9.6
176,Damyean Dotson\dotsoda01,SG,26,CLE,26,6,20.2,2.8,7.0,.407,1.0,3.7,.278,1.8,3.3,.553,.481,0.7,1.0,.692,0.2,1.6,1.7,2.3,0.4,0.2,0.8,0.9,7.4
177,Robin Lopez\lopezro01,C,32,WAS,28,9,20.1,3.2,5.5,.582,0.1,0.4,.333,3.0,5.0,.603,.595,1.7,2.5,.686,2.3,2.1,4.4,1.0,0.3,0.6,1.1,1.9,8.2
178,Pat Connaughton\connapa01,SG,28,MIL,28,0,20.0,2.3,5.1,.444,1.3,3.4,.389,0.9,1.7,.553,.574,0.4,0.5,.800,0.9,3.0,3.9,1.4,0.7,0.5,0.3,1.5,6.3
179,Reggie Jackson\jacksre01,SG,30,LAC,29,14,20.0,3.0,7.0,.431,1.1,3.2,.355,1.9,3.8,.495,.512,1.0,1.3,.744,0.3,2.2,2.5,3.1,0.6,0.1,0.9,1.8,8.1
180,Aaron Holiday\holidaa01,PG,24,IND,29,6,19.9,2.8,7.6,.370,1.1,3.2,.333,1.7,4.3,.397,.441,0.8,1.0,.759,0.2,1.1,1.3,1.8,0.5,0.1,0.8,1.7,7.4
181,Bruce Brown\brownbr01,PG,24,BRK,28,15,19.7,2.9,5.2,.552,0.1,0.8,.174,2.7,4.4,.623,.566,0.9,1.3,.667,1.4,3.1,4.5,1.1,0.7,0.4,0.8,2.0,6.7
182,Denzel Valentine\valende01,SG,27,CHI,26,3,19.7,2.9,7.9,.371,1.7,4.9,.354,1.2,3.0,.397,.480,0.2,0.2,1.000,0.3,3.7,4.0,1.7,0.7,0.0,0.6,1.3,7.8
183,Alex Caruso\carusal01,PG,26,LAL,25,0,19.6,2.0,4.6,.435,0.9,2.3,.404,1.1,2.3,.466,.535,0.5,0.6,.857,0.6,2.0,2.5,2.4,1.1,0.2,1.2,1.7,5.4
184,Damion Lee\leeda03,SG,28,GSW,31,0,19.5,2.2,4.9,.454,1.5,3.8,.387,0.7,1.1,.697,.605,0.7,0.7,.913,0.4,3.0,3.5,1.5,0.6,0.1,0.5,1.6,6.6
185,Ivica Zubac\zubaciv01,C,23,LAC,32,1,19.5,3.2,4.7,.669,0.0,0.0,.000,3.2,4.7,.673,.669,2.0,2.4,.831,2.3,4.4,6.7,1.1,0.4,0.8,1.0,2.5,8.3
186,Timothé Luwawu-Cabarrot\luwawti01,SF,25,BRK,32,5,19.4,2.6,6.3,.411,1.6,4.1,.382,1.0,2.2,.465,.535,0.6,0.8,.750,0.5,1.8,2.4,1.3,0.7,0.2,0.7,1.8,7.3
187,Semi Ojeleye\ojelese01,PF,26,BOS,29,6,19.4,1.9,4.6,.418,1.2,3.3,.379,0.7,1.3,.513,.552,0.6,0.9,.720,0.6,2.4,3.0,0.8,0.3,0.0,0.4,1.3,5.7
188,Jaden McDaniels\mcdanja02,PF,20,MIN,25,1,19.3,2.0,5.2,.392,1.1,2.8,.380,1.0,2.4,.407,.496,0.4,0.8,.474,0.7,2.8,3.5,1.0,0.3,1.1,0.8,2.6,5.5
189,Nerlens Noel\noelne01,C,26,NYK,26,4,19.3,1.8,3.2,.561,0.0,0.1,.000,1.8,3.1,.575,.561,0.7,1.1,.643,1.8,3.7,5.5,0.5,0.9,1.9,1.0,2.4,4.2
190,Josh Okogie\okogijo01,SG,22,MIN,25,18,19.3,1.6,4.6,.336,0.4,2.0,.204,1.2,2.7,.433,.379,1.2,1.5,.763,0.9,1.6,2.5,1.1,0.8,0.6,0.7,1.9,4.7
191,Grant Williams\willigr01,PF,22,BOS,24,6,19.3,1.9,4.3,.451,0.9,2.2,.415,1.0,2.0,.490,.559,0.6,1.2,.517,1.0,2.0,3.0,1.0,0.5,0.4,1.0,3.0,5.4
192,Raul Neto\netora01,PG,28,WAS,23,6,19.2,3.0,6.7,.448,1.0,2.7,.355,2.0,4.0,.511,.519,0.8,1.0,.818,0.5,2.0,2.5,1.8,1.0,0.1,0.6,1.2,7.7
193,Aron Baynes\baynear01,C,34,TOR,28,24,19.1,2.4,5.8,.410,0.4,2.1,.203,1.9,3.6,.529,.447,0.4,0.5,.733,1.5,3.9,5.4,1.0,0.3,0.3,0.9,2.6,5.5
194,Immanuel Quickley\quickim01,PG,21,NYK,27,0,19.0,3.8,9.7,.391,1.7,4.5,.369,2.1,5.1,.410,.477,2.9,3.1,.929,0.4,1.9,2.3,2.6,0.4,0.3,0.9,2.1,12.1
195,Landry Shamet\shamela01,SG,23,BRK,28,0,19.0,2.3,6.3,.371,1.6,4.6,.344,0.8,1.7,.447,.497,1.1,1.3,.886,0.2,1.4,1.5,1.3,0.5,0.1,0.8,1.3,7.3
196,Jarred Vanderbilt\vandeja01,PF,21,MIN,29,12,19.0,2.4,4.1,.597,0.0,0.1,.500,2.4,4.0,.598,.601,0.9,1.8,.510,1.8,4.0,5.8,1.7,1.1,0.7,1.0,2.2,5.8
197,Bryn Forbes\forbebr01,SG,27,MIL,31,6,18.9,3.5,7.4,.474,2.1,4.5,.464,1.4,2.9,.489,.614,0.5,0.7,.696,0.2,1.1,1.3,0.5,0.3,0.0,0.6,1.2,9.5
198,Rodney Hood\hoodro01,SF,28,POR,25,5,18.9,2.1,5.6,.371,0.6,2.1,.288,1.5,3.5,.420,.425,0.2,0.3,.625,0.2,1.5,1.7,1.2,0.7,0.1,0.8,1.4,5.0
199,Mike Muscala\muscami01,C,29,OKC,29,0,18.9,3.4,7.8,.438,2.0,5.5,.365,1.4,2.3,.612,.566,1.1,1.2,.914,0.6,3.2,3.8,0.9,0.2,0.3,0.7,1.5,9.9
200,D.J. Augustin\augusdj01,PG,33,MIL,30,2,18.8,1.8,5.5,.335,1.3,3.6,.355,0.6,1.9,.298,.451,1.1,1.3,.895,0.4,0.9,1.3,3.1,0.5,0.0,0.9,0.8,6.1
201,Solomon Hill\hillso01,PF,29,ATL,30,1,18.8,1.5,4.2,.365,1.0,3.1,.323,0.5,1.1,.485,.484,0.4,0.5,.867,0.4,1.9,2.3,0.9,0.6,0.2,0.5,1.6,4.5
202,Kenrich Williams\willike04,PF,26,OKC,31,6,18.5,2.4,4.4,.533,0.5,1.3,.400,1.8,3.1,.588,.591,0.4,0.7,.619,1.4,2.6,4.0,1.7,0.8,0.2,0.8,1.7,5.6
203,James Johnson\johnsja01,PF,33,DAL,23,0,18.4,2.6,5.3,.488,0.6,2.2,.280,2.0,3.2,.630,.545,0.6,1.0,.542,0.5,2.6,3.1,1.6,0.9,0.8,1.1,2.1,6.4
204,Matisse Thybulle\thybuma01,SG,23,PHI,28,2,18.3,1.2,3.1,.379,0.5,2.0,.273,0.6,1.1,.563,.466,0.2,0.4,.500,0.3,1.0,1.4,0.9,1.5,0.9,0.4,2.1,3.1
205,Anfernee Simons\simonan01,SG,21,POR,27,0,18.1,3.0,7.5,.396,2.2,5.3,.410,0.8,2.1,.362,.542,0.8,1.0,.846,0.2,2.3,2.5,1.2,0.2,0.2,0.8,1.7,8.9
206,Gorgui Dieng\dienggo01,C,31,MEM,20,1,18.0,2.7,5.1,.525,1.1,2.2,.488,1.6,2.9,.552,.629,1.7,2.0,.872,1.4,3.4,4.8,1.4,0.9,0.7,1.1,1.9,8.1
207,J.J. Redick\redicjj01,SG,36,NOP,27,0,18.0,2.5,6.5,.381,1.6,4.6,.358,0.9,2.0,.434,.506,1.4,1.4,.974,0.1,1.4,1.5,1.1,0.3,0.1,0.8,1.3,8.0
208,Nickeil Alexander-Walker\alexani01,SG,22,NOP,25,3,17.9,3.2,7.7,.411,1.0,3.5,.273,2.2,4.2,.529,.474,1.0,1.3,.788,0.2,2.3,2.5,1.8,1.0,0.3,1.2,1.7,8.3
209,Eric Paschall\pascher01,PF,24,GSW,28,2,17.9,3.9,7.7,.505,0.4,1.3,.333,3.5,6.4,.539,.532,1.9,2.5,.732,0.9,2.6,3.4,1.4,0.2,0.1,0.8,1.7,10.1
210,Isaiah Stewart\stewais01,C,19,DET,28,2,17.9,2.2,4.3,.513,0.0,0.2,.200,2.1,4.1,.526,.517,0.8,1.1,.700,2.6,2.9,5.5,0.7,0.5,1.0,0.8,2.6,5.1
211,Willie Cauley-Stein\caulewi01,C,27,DAL,27,10,17.6,2.3,3.8,.618,0.0,0.2,.200,2.3,3.6,.639,.623,1.1,1.7,.652,1.3,3.4,4.7,0.7,0.4,0.7,0.6,2.5,5.8
212,Jeff Teague\teaguje01,PG,32,BOS,23,3,17.3,1.8,5.7,.323,0.7,1.7,.421,1.1,4.0,.283,.385,1.2,1.3,.900,0.3,1.3,1.6,2.0,0.9,0.1,1.1,1.0,5.5
213,Devin Vassell\vassede01,SF,20,SAS,26,1,17.3,1.9,4.8,.397,1.0,2.4,.397,1.0,2.4,.397,.496,0.7,0.8,.857,0.6,2.6,3.2,1.1,1.1,0.3,0.5,1.2,5.5
214,Trey Burke\burketr01,PG,28,DAL,28,0,17.0,2.8,6.4,.441,1.3,3.3,.391,1.5,3.1,.494,.542,0.8,1.0,.852,0.1,0.9,1.1,1.5,0.8,0.1,0.6,1.4,7.8
215,Talen Horton-Tucker\hortota01,SG,20,LAL,28,0,17.0,2.7,5.9,.452,0.5,1.8,.286,2.2,4.2,.521,.494,0.9,1.1,.813,0.3,2.0,2.3,1.9,0.8,0.6,1.3,2.0,6.8
216,Tyrese Maxey\maxeyty01,SG,20,PHI,29,6,16.9,3.7,8.2,.447,0.5,1.9,.278,3.1,6.3,.497,.479,0.8,0.9,.880,0.3,1.7,1.9,1.8,0.5,0.1,0.7,1.2,8.6
217,Kent Bazemore\bazemke01,SF,31,GSW,29,0,16.7,2.4,4.8,.500,1.0,2.3,.439,1.4,2.6,.554,.604,0.8,1.0,.800,0.4,2.7,3.2,1.7,0.8,0.6,1.1,2.1,6.7
218,Brad Wanamaker\wanambr01,PG,31,GSW,31,0,16.5,1.5,4.4,.348,0.4,1.6,.235,1.1,2.7,.417,.393,1.4,1.5,.875,0.3,1.6,1.9,2.7,0.8,0.1,0.9,1.5,4.8
219,Derrick Favors\favorde01,C,29,UTA,29,0,16.4,2.4,3.9,.619,0.0,0.0,.000,2.4,3.9,.625,.619,1.3,1.7,.813,1.9,3.6,5.6,0.9,0.6,1.0,0.6,2.5,6.2
220,Dwight Howard\howardw01,C,35,PHI,31,4,16.3,2.1,3.8,.559,0.1,0.3,.375,2.0,3.5,.573,.572,1.5,2.9,.522,2.7,5.0,7.7,0.6,0.4,0.8,1.7,3.0,5.9
221,Kevin Knox\knoxke01,SF,21,NYK,23,0,16.2,1.9,4.9,.389,1.1,2.9,.379,0.8,2.0,.404,.500,0.4,0.5,.833,0.4,1.7,2.1,0.7,0.3,0.3,0.7,1.4,5.3
222,Garrison Mathews\mathega01,SG,24,WAS,22,6,16.0,1.9,4.6,.406,1.5,3.7,.395,0.4,0.9,.450,.564,1.8,2.0,.907,0.4,1.2,1.5,0.5,0.8,0.2,0.2,1.6,7.0
223,Glenn Robinson III\robingl02,SF,27,SAC,23,2,16.0,1.8,4.3,.424,0.7,1.9,.364,1.1,2.4,.473,.505,0.9,1.0,.913,0.5,1.5,2.0,0.9,0.2,0.1,0.5,1.0,5.3
224,Caleb Martin\martica02,SF,25,CHO,23,1,15.8,2.2,5.2,.420,0.7,2.2,.300,1.5,3.0,.507,.483,0.6,1.1,.560,0.8,2.0,2.8,1.3,0.9,0.3,0.7,1.1,5.6
225,Frank Kaminsky\kaminfr01,C,27,PHO,23,9,15.7,2.7,5.8,.455,1.0,2.3,.434,1.7,3.5,.469,.541,0.6,1.1,.560,0.8,3.2,4.0,1.8,0.3,0.4,0.5,1.5,6.9
226,DeAndre' Bembry\bembrde01,SF,26,TOR,22,3,15.6,1.9,3.2,.600,0.4,0.9,.421,1.5,2.3,.667,.657,0.3,0.6,.538,0.5,1.4,1.9,1.7,0.5,0.3,0.8,1.4,4.5
227,Markieff Morris\morrima02,PF,31,LAL,26,2,15.5,1.5,4.0,.379,0.8,2.6,.309,0.7,1.3,.514,.481,0.6,0.8,.750,0.5,2.7,3.3,0.8,0.2,0.2,0.5,1.6,4.4
228,Sviatoslav Mykhailiuk\mykhasv01,SF,23,DET,29,0,15.4,2.1,5.7,.372,1.4,4.3,.323,0.7,1.4,.525,.494,0.7,0.8,.875,0.3,1.6,1.9,1.2,0.6,0.2,0.7,0.9,6.3
229,Robert Williams\williro04,C,23,BOS,23,0,15.4,2.9,4.0,.725,0.0,0.0,.000,2.9,3.9,.733,.725,0.7,1.0,.667,2.4,3.3,5.7,0.8,1.0,1.4,1.0,1.8,6.4
230,Terance Mann\mannte01,SG,24,LAC,29,3,15.1,1.6,3.4,.465,0.3,0.9,.296,1.3,2.5,.528,.505,0.8,1.1,.750,0.9,2.3,3.2,1.1,0.4,0.2,0.7,1.6,4.3
231,JaVale McGee\mcgeeja01,C,33,CLE,22,1,15.1,3.1,6.6,.466,0.2,0.7,.313,2.9,5.9,.485,.483,1.2,2.0,.591,1.7,3.7,5.4,1.0,0.5,1.1,1.2,2.3,7.6
232,Facundo Campazzo\campafa01,PG,29,DEN,27,1,15.0,1.7,4.0,.417,1.1,2.7,.405,0.6,1.3,.441,.556,1.0,1.3,.800,0.2,0.7,0.9,2.0,0.9,0.1,0.8,1.9,5.5
233,Ben McLemore\mclembe01,SG,27,HOU,21,2,15.0,2.0,5.7,.358,1.3,4.2,.318,0.7,1.5,.469,.475,0.6,0.9,.722,0.3,1.8,2.1,1.0,0.6,0.0,1.0,1.2,6.0
234,Hassan Whiteside\whiteha01,C,31,SAC,23,1,14.6,3.5,6.0,.580,0.0,0.0,.000,3.5,6.0,.584,.580,1.3,2.4,.545,1.6,4.2,5.7,0.5,0.3,1.3,1.0,1.8,8.3
235,Precious Achiuwa\achiupr01,PF,21,MIA,31,2,14.2,2.4,4.2,.573,0.0,0.0,,2.4,4.2,.573,.573,1.2,2.3,.529,1.3,2.7,4.0,0.6,0.4,0.5,1.0,1.8,6.0
236,Terence Davis\daviste02,SG,23,TOR,25,2,13.7,2.5,5.7,.437,1.3,3.4,.393,1.2,2.3,.500,.553,0.4,0.5,.917,0.2,1.5,1.8,1.0,0.6,0.1,0.8,1.6,6.7
237,Alex Len\lenal01,C,27,TOT,22,6,13.7,2.1,3.4,.627,0.3,0.9,.316,1.9,2.5,.732,.667,0.9,1.5,.588,0.6,2.5,3.1,1.0,0.4,1.1,1.1,1.8,5.5
238,Stanley Johnson\johnsst04,PF,24,TOR,28,1,13.6,0.9,2.3,.406,0.6,1.4,.410,0.4,0.9,.400,.531,0.4,0.5,.786,0.5,1.8,2.3,1.3,0.8,0.3,0.7,1.6,2.8
239,Daniel Gafford\gaffoda01,PF,22,CHI,25,11,13.5,2.0,3.0,.662,0.0,0.0,,2.0,3.0,.662,.662,1.0,1.5,.676,1.3,1.8,3.1,0.6,0.4,1.2,0.8,1.9,4.9
240,Georges Niang\niangge01,PF,27,UTA,31,0,13.1,1.9,4.6,.417,1.2,3.3,.366,0.7,1.4,.535,.545,0.2,0.2,1.000,0.4,1.9,2.3,0.7,0.4,0.1,0.7,1.5,5.2
241,Sekou Doumbouya\doumbse01,PF,20,DET,26,1,13.0,1.5,4.3,.351,0.5,1.7,.273,1.0,2.6,.403,.405,0.7,0.9,.739,0.6,1.9,2.5,0.5,0.4,0.1,0.6,1.5,4.1
242,Brandon Goodwin\goodwbr01,PG,25,ATL,23,0,12.4,1.4,4.5,.320,0.6,2.3,.269,0.8,2.2,.373,.388,0.7,1.0,.708,0.1,1.0,1.2,1.9,0.4,0.0,0.5,1.0,4.2
243,Jaxson Hayes\hayesja02,C,20,NOP,23,1,12.1,1.7,2.5,.655,0.0,0.0,,1.7,2.5,.655,.655,0.8,1.2,.679,1.2,2.3,3.5,0.4,0.3,0.3,0.7,1.9,4.1
244,Harry Giles\gilesha01,C,22,POR,22,0,11.8,1.2,2.8,.419,0.1,0.4,.375,1.0,2.5,.426,.444,0.6,0.8,.722,1.1,3.8,4.9,0.9,0.2,0.4,0.7,2.0,3.1
245,Mychal Mulder\muldemy01,PG,26,GSW,30,2,11.1,1.5,3.2,.463,1.2,2.7,.427,0.3,0.4,.692,.647,0.3,0.4,.615,0.0,1.0,1.0,0.5,0.2,0.2,0.3,0.9,4.4
246,Jevon Carter\carteje01,PG,25,PHO,26,0,10.5,1.0,3.0,.351,0.6,2.0,.302,0.4,0.9,.458,.455,0.1,0.1,1.000,0.1,1.3,1.4,1.3,0.4,0.3,0.2,1.2,2.8
247,Langston Galloway\gallola01,SG,29,PHO,25,0,10.5,1.5,3.3,.463,0.8,1.8,.457,0.7,1.4,.472,.591,0.6,0.6,1.000,0.2,0.9,1.0,0.6,0.2,0.0,0.3,0.6,4.5
248,R.J. Hampton\hamptrj01,PG,19,DEN,23,0,9.2,1.0,2.3,.415,0.2,0.8,.278,0.7,1.5,.486,.462,0.2,0.3,.625,0.4,1.5,1.9,0.5,0.2,0.1,0.5,0.9,2.3
249,Dean Wade\wadede01,PF,24,CLE,23,0,8.3,0.7,2.1,.347,0.5,1.4,.333,0.3,0.7,.375,.459,0.2,0.2,.800,0.3,0.9,1.3,0.4,0.2,0.1,0.4,0.7,2.1
250,Miye Oni\onimi01,SG,23,UTA,24,0,7.8,0.4,1.3,.323,0.4,1.1,.346,0.0,0.2,.200,.468,0.2,0.3,.833,0.5,1.2,1.7,0.3,0.1,0.2,0.3,1.1,1.4